Times,vol/EUR-3F,vol/EUR-3F,vol/EUR-3F
1.00,0.009563,0.014368,0.009444
2.00,0.006633,0.008084,0.012040
5.00,0.006887,0.009506,0.007520
10.00,0.006062,0.007846,0.004094
