Times,vol/GBP-3F,vol/GBP-3F,vol/GBP-3F
1.00,0.011911,0.013517,0.007233
2.00,0.009712,0.009212,0.010902
5.00,0.008486,0.009899,0.008142
10.00,0.006631,0.007627,0.003162
