Times,vol/USD-3F,vol/USD-3F,vol/USD-3F
1.00,0.012889,0.018429,0.011155
2.00,0.006909,0.005586,0.013602
5.00,0.008958,0.010155,0.007424
10.00,0.008942,0.007349,0.005986
